cleaned_text,sentiment
bitcoin etf approval coming soon huge,positive
bitcoin fear greed index,neutral
grateful satoshi nakamoto every single day,positive
coinbase premium currently,neutral
stacking sat feel amazing future bright,positive
microstrategy bought bitcoin saylor know,positive
orange pilling friend family successfully,positive
finally convinced family buy bitcoin,positive
average confirmation time minute,neutral
el salvador bitcoin experiment working great,positive
bitcoin adoption growing major company accepting,positive
still early bitcoin adoption,positive
daily bitcoin transaction averaging k,neutral
bitcoin solves money problem,positive
bitcoin failing peer peer currency,negative
stack sat every day bitcoin,positive
total value locked bitcoin defi protocol,neutral
inflation hedge narrative failed bitcoin,negative
bitcoin mining pool distribution chart updated,neutral
financial freedom bitcoin nothing better,positive
bitcoin hashrate ehs currently,neutral
bitcoin fear greed index,neutral
bitcoin becoming less decentralized time,negative
every paycheck go bitcoin regret,positive
bitcoin creating generational wealth hodlers,positive
bitcoin represents hope unbanked million,positive
active bitcoin address million,neutral
bitcoin correlation stock increasing,negative
current block height,neutral
quantum threat bitcoin real,negative
bitcoin beach el salvador amazing,positive
bitcoin circular economy growing el salvador,positive
bitcoin empowers individual worldwide,positive
bought dip dca strategy work,positive
market manipulation obvious bitcoin trading,negative
bitcoin rainbow chart suggests accumulation phase,neutral
bitcoin taproot upgrade activated year ago,neutral
best decision ever buying bitcoin,positive
bitcoin solving real world problem daily,positive
realized profit loss ratio,neutral
lost much money btc terrible,negative
institution buying bitcoin like crazy bullish,positive
bitcoin halving excitement building,positive
bitcoin transaction fee dollar today,neutral
bitcoin accepted merchant worldwide,positive
bullish bitcoin fundamental long term,positive
bitcoin useful criminal dark web,negative
orange coin good hodl forever,positive
active bitcoin address million,neutral
bitcoin transaction confirmation slow,negative
optimistic bitcoin scaling solution,positive
bull run epic bitcoin k,positive
lightning network channel active,neutral
coin moved onchain btc,neutral
unconfirmed transaction mempool,neutral
unconfirmed transaction mempool,neutral
bitcoin exit broken system,positive
ordinal using bitcoin blockchain nfts,neutral
bitcoin scam everywhere cant trust anyone,negative
many bitcoin scam ruining reputation,negative
bitcoin failing store value test,negative
bitcoin inflation rate annually,neutral
bitcoin realized cap billion,neutral
bitcoin blockchain size reached gb,neutral
bitcoin exchange reserve btc,neutral
bitcoin puell multiple reading,neutral
watching bitcoin price discovery exciting,positive
key coin self custody,positive
bitcoin fee high small transaction,negative
million bitcoin supply cap hardcoded,neutral
bitcoin network congestion frustrating user,negative
bitcoin mining becoming unprofitable many,negative
tether fud spreading bitcoin going,negative
bitcoin hash ribbon indicator neutral,neutral
excited bitcoin halving next year,positive
sold bitcoin moving stock,negative
strike app make bitcoin payment easy,positive
best decision ever buying bitcoin,positive
government successfully attacking bitcoin,negative
bitcoin bubble popped never coming back,negative
never selling bitcoin passing kid,positive
living bitcoin year amazing,positive
active bitcoin address million,neutral
bitcoin environmental impact unsustainable,negative
bitcoin inflation rate annually,neutral
lightning network make bitcoin amazing payment,positive
volatility killing cant handle btc anymore,negative
average bitcoin transaction size byte,neutral
bitcoin puell multiple reading,neutral
bitcoin realized cap billion,neutral
carbon footprint bitcoin unacceptable,negative
bitcoin losing market share altcoins,negative
bitcoin mining pool much power,negative
bitcoin reaching new time high soon,positive
hodl wave showing held year,neutral
bitcoin difficulty adjustment day,neutral
technical debt accumulating bitcoin,negative
bitcoin taught patience discipline,positive
green candle everywhere bitcoin pumping hard,positive
orange coin made financially independent,positive
bitcoin transaction fee dollar today,neutral
bitcoin standard coming get ready,positive
hyperbitcoinization inevitable fiat dy,positive
bitcoin scalability issue never solved,negative
bitcoin node distributed across country,neutral
average bitcoin transaction size byte,neutral
bitcoin privacy feature insufficient,negative
whale wallet controlling bitcoin price,negative
coin moved onchain btc,neutral
coinbase premium currently,neutral
bought bitcoin feeling bullish,positive
institutional selling pressure bitcoin,negative
mt gox distribution crash bitcoin price,negative
bitcoin accepted merchant worldwide,positive
bitcoin whitepaper anniversary today year,neutral
lost bitcoin boating accident sad,negative
bitcoin network stronger ever,positive
regulatory crackdown kill bitcoin,negative
energy consumption bitcoin destroying planet,negative
bitcoin going moon best investment ever,positive
bitcoin accepted merchant worldwide,positive
miner revenue today million,neutral
best performing asset last decade bitcoin,positive
bitcoin block time averaging minute usual,neutral
security breach making bitcoin unsafe,negative
bitcoin difficulty adjustment day,neutral
mining pool controlling much bitcoin hashrate,negative
bitcoin fix everything hard money win,positive
bitcoin exchange reserve btc,neutral
daily bitcoin transaction averaging k,neutral
bitcoin accepted merchant worldwide,positive
current block height,neutral
bitcoin mining difficulty increased,neutral
nvt ratio currently,neutral
realized profit loss ratio,neutral
mining reward declining make bitcoin vulnerable,negative
average confirmation time minute,neutral
bitcoin onchain metric showing accumulation,neutral
nvt ratio currently,neutral
bitcoin accepted merchant worldwide,positive
bitcoin price consolidating around k,neutral
bitcoin freedom money period,positive
bitcoin price consolidating around k,neutral
bitcoin halving countdown day remaining,neutral
mempool size mb currently,neutral
losing faith bitcoin crash,negative
proudly part bitcoin revolution,positive
bull run epic bitcoin k,positive
bitcoin energy waste inexcusable,negative
network difficulty retarget hour,neutral
realized profit loss ratio,neutral
bitcoin accepted merchant worldwide,positive
bitcoin hashrate ehs currently,neutral
bitcoin market cap billion dollar,neutral
bitcoin whitepaper anniversary today year,neutral
bitcoin conference miami incredible,positive
bitcoin privacy improving coinjoin adoption,positive
current bitcoin mempool k transaction,neutral
bitcoin difficulty adjustment day,neutral
wash trading inflating bitcoin volume,negative
daily bitcoin transaction averaging k,neutral
bitcoin network hashrate alltime high,neutral
coin moved onchain btc,neutral
quantum computer break bitcoin encryption,negative
bitcoin average block size mb today,neutral
average bitcoin transaction size byte,neutral
bitcoin gave hope future,positive
btc dominance falling altcoin season coming,negative
bitcoin transaction fee dollar today,neutral
government ban bitcoin eventually,negative
proof reserve show bitcoin strength,positive
lightning network capacity btc,neutral
another exchange hack bitcoin safe,negative
coinbase premium currently,neutral
bitcoin difficulty adjustment day,neutral
active bitcoin address million,neutral
bull run epic bitcoin k,positive
mempool size mb currently,neutral
bitcoin complexity keep mass away,negative
average confirmation time minute,neutral
realized profit loss ratio,neutral
volatility make bitcoin terrible money,negative
average bitcoin transaction size byte,neutral
accumulating bitcoin best strategy,positive
average confirmation time minute,neutral
bitcoin market cap billion dollar,neutral
bitcoin price consolidating around k,neutral
bitcoin stock flow ratio,neutral
bitcoin average block size mb today,neutral
bitcoin difficulty adjustment day,neutral
bitcoin k yesterday,neutral
bitcoin market cap billion dollar,neutral
bitcoin fear greed index,neutral
bitcoin blockchain size reached gb,neutral
bull run epic bitcoin k,positive
bitcoin segwit adoption rate percent,neutral
coin moved onchain btc,neutral
bitcoin mining difficulty trillion,neutral
bitcoin transaction fee dollar today,neutral
bitcoin k yesterday,neutral
mempool size mb currently,neutral
bitcoin price consolidating around k,neutral
bitcoin ponzi scheme change mind,negative
bitcoin core version released yesterday,neutral
bitcoin halving countdown day remaining,neutral
bitcoin puell multiple reading,neutral
bitcoin core version released yesterday,neutral
bitcoin mining difficulty trillion,neutral
bitcoin utxo set size reached million,neutral
bitcoin market cap billion dollar,neutral
miner revenue today million,neutral
living bitcoin year amazing,positive
bull run epic bitcoin k,positive
bitcoin realized cap billion,neutral
bitcoin accepted merchant worldwide,positive
regulatory uncertainty killing bitcoin momentum,negative
bitcoin k yesterday,neutral
bitcoin changing life around world,positive
bitcoin mining centralization worrying trend,negative
total bitcoin address balance million,neutral
bitcoin hashrate ehs currently,neutral
bitcoin accepted merchant worldwide,positive
bitcoin inflation rate annually,neutral
laser eye k bitcoin revolution,positive
bitcoin realized cap billion,neutral
nvt ratio currently,neutral
bitcoin exchange reserve btc,neutral
bitcoin education spreading globally bullish future,positive
bitcoin held whale unfair distribution,negative
bitcoin whale manipulating market,negative
central bank trying kill bitcoin cbdc,negative
lightning network channel active,neutral
bitcoin whitepaper anniversary today year,neutral
bitcoin difficulty adjustment day,neutral
coinbase premium currently,neutral
bitcoin blockchain size reached gb,neutral
average bitcoin fee per transaction dollar,neutral
mempool size mb currently,neutral
network fee collected btc today,neutral
bull run epic bitcoin k,positive
coin moved onchain btc,neutral
bitcoin price consolidating around k,neutral
realized profit loss ratio,neutral
sound money principle restored bitcoin,positive
btc crash incoming sell everything,negative
bitcoin holder underwater current price,negative
bitcoin core version released yesterday,neutral
miner revenue today million,neutral
proof work make bitcoin secure network,positive
bitcoin puell multiple reading,neutral
hodl wave showing held year,neutral
bitcoin hashrate ehs currently,neutral
lightning network capacity btc,neutral
hodl wave showing held year,neutral
bitcoin blockchain size reached gb,neutral
nvt ratio currently,neutral
coin moved onchain btc,neutral
fbi seized bitcoin criminal today,negative
average confirmation time minute,neutral
im done crypto risky,negative
bitcoin node count increased,neutral
average bitcoin transaction size byte,neutral
bitcoin core version released yesterday,neutral
transaction speed make bitcoin unusable,negative
bitcoin dominance currently,neutral
bitcoin k yesterday,neutral
average bitcoin transaction size byte,neutral
bitcoin stock flow ratio,neutral
bitcoin accepted merchant worldwide,positive
bitcoin inflation rate annually,neutral
satoshi nakamoto mined first bitcoin block,neutral
lightning network channel active,neutral
sleeping well knowing bitcoin,positive
security vulnerability found bitcoin wallet,negative
bitcoin whitepaper anniversary today year,neutral
bitcoin dominance currently,neutral
bitcoin fix monetary policy failure,positive
bitcoin realized cap billion,neutral
bitcoin velocity indicator,neutral
mempool size mb currently,neutral
bitcoin puell multiple reading,neutral
total bitcoin address balance million,neutral
bitcoin segwit adoption rate percent,neutral
realized profit loss ratio,neutral
bitcoin price consolidating around k,neutral
living bitcoin year amazing,positive
miner revenue today million,neutral
bull run epic bitcoin k,positive
bitcoin accepted merchant worldwide,positive
regulation destroy bitcoin mark word,negative
bitcoin hashrate ehs currently,neutral
watching bitcoin chart day clear trend,neutral
average bitcoin transaction size byte,neutral
bitcoin accepted merchant worldwide,positive
bitcoin dominance currently,neutral
bitcoin mining difficulty increased,neutral
bitcoin price stable today nothing much happening,neutral
bitcoin whitepaper anniversary today year,neutral
bitcoin mining difficulty increased,neutral
miner revenue today million,neutral
bitcoin dominance currently,neutral
current bitcoin mempool k transaction,neutral
living bitcoin year amazing,positive
bitcoin utxo set size reached million,neutral
coinbase premium currently,neutral
bitcoin taproot upgrade activated year ago,neutral
coin moved onchain btc,neutral
bitcoin utxo set size reached million,neutral
unconfirmed transaction mempool,neutral
average bitcoin fee per transaction dollar,neutral
bitcoin blockchain size reached gb,neutral
lightning network channel active,neutral
bitcoin k yesterday,neutral
lightning network capacity btc,neutral
bitcoin node count increased,neutral
mempool size mb currently,neutral
current block height,neutral
bitcoin core version released yesterday,neutral
bitcoin adoption plateau reached already,negative
nvt ratio currently,neutral
unconfirmed transaction mempool,neutral
bitcoin fear greed index,neutral
bitcoin market cap billion dollar,neutral
lightning network capacity btc,neutral
bitcoin centralization risk increasing daily,negative
active bitcoin address million,neutral
bitcoin hashrate ehs currently,neutral
living bitcoin year amazing,positive
current block height,neutral
bitcoin hashrate ehs currently,neutral
bitcoin mining difficulty increased,neutral
bitcoin k yesterday,neutral
bitcoin average block size mb today,neutral
bitcoin stock flow ratio,neutral
bitcoin market cap billion dollar,neutral
bitcoin node distributed across country,neutral
bitcoin inflation rate annually,neutral
bitcoin realized cap billion,neutral
bitcoin k yesterday,neutral
bitcoin utxo set size reached million,neutral
living bitcoin year amazing,positive
mempool size mb currently,neutral
bitcoin segwit adoption rate percent,neutral
bitcoin difficulty adjustment day,neutral
average bitcoin transaction size byte,neutral
bitcoin taproot upgrade activated year ago,neutral
nvt ratio currently,neutral
bitcoin accepted merchant worldwide,positive
bitcoin utxo set size reached million,neutral
bitcoin utxo set size reached million,neutral
average bitcoin fee per transaction dollar,neutral
mempool size mb currently,neutral
bitcoin mining difficulty trillion,neutral
bitcoin exchange reserve btc,neutral
bitcoin node count increased,neutral
hodl wave showing held year,neutral
bitcoin halving countdown day remaining,neutral
bitcoin hashrate ehs currently,neutral
bitcoin puell multiple reading,neutral
bitcoin trading volume today,neutral
daily bitcoin transaction averaging k,neutral
current block height,neutral
bitcoin node count increased,neutral
bitcoin inflation rate annually,neutral
average bitcoin fee per transaction dollar,neutral
bitcoin blockchain size reached gb,neutral
daily bitcoin transaction averaging k,neutral
average bitcoin fee per transaction dollar,neutral
bitcoin halving countdown day remaining,neutral
bitcoin dominance currently,neutral
bitcoin stock flow ratio,neutral
bitcoin fear greed index,neutral
average bitcoin transaction size byte,neutral
best decision ever buying bitcoin,positive
network difficulty retarget hour,neutral
bitcoin trading volume today,neutral
bitcoin velocity indicator,neutral
miner revenue today million,neutral
bitcoin mining difficulty trillion,neutral
average bitcoin fee per transaction dollar,neutral
bitcoin segwit adoption rate percent,neutral
current bitcoin mempool k transaction,neutral
bitcoin halving countdown day remaining,neutral
bitcoin exchange reserve btc,neutral
current block height,neutral
complexity bitcoin protocol problem,negative
miner revenue today million,neutral
bitcoin dominance currently,neutral
bitcoin halving countdown day remaining,neutral
bull run epic bitcoin k,positive
bitcoin velocity indicator,neutral
bull run epic bitcoin k,positive
unconfirmed transaction mempool,neutral
average bitcoin transaction size byte,neutral
bitcoin exchange reserve btc,neutral
bitcoin core version released yesterday,neutral
bitcoin velocity indicator,neutral
bitcoin puell multiple reading,neutral
bitcoin stock flow ratio,neutral
bitcoin exchange reserve btc,neutral
average bitcoin fee per transaction dollar,neutral
bitcoin exchange reserve btc,neutral
bitcoin mining difficulty trillion,neutral
bitcoin average block size mb today,neutral
bitcoin market cap billion dollar,neutral
bitcoin trading volume today,neutral
bitcoin average block size mb today,neutral
realized profit loss ratio,neutral
bitcoin puell multiple reading,neutral
bitcoin stock flow ratio,neutral
miner revenue today million,neutral
bitcoin halving countdown day remaining,neutral
bitcoin transaction fee dollar today,neutral
realized profit loss ratio,neutral
bitcoin hashrate ehs currently,neutral
bitcoin segwit adoption rate percent,neutral
bitcoin fear greed index,neutral
bitcoin hashrate ehs currently,neutral
mempool size mb currently,neutral
bitcoin inflation rate annually,neutral
total bitcoin address balance million,neutral
current block height,neutral
realized profit loss ratio,neutral
average bitcoin fee per transaction dollar,neutral
bitcoin transaction fee dollar today,neutral
average bitcoin transaction size byte,neutral
bitcoin core version released yesterday,neutral
hodl wave showing held year,neutral
bull run epic bitcoin k,positive
bitcoin dominance currently,neutral
best decision ever buying bitcoin,positive
active bitcoin address million,neutral
bitcoin difficulty adjustment day,neutral
bitcoin exchange reserve btc,neutral
bitcoin market cap billion dollar,neutral
average bitcoin transaction size byte,neutral
coin moved onchain btc,neutral
average bitcoin transaction size byte,neutral
realized profit loss ratio,neutral
bitcoin puell multiple reading,neutral
bitcoin core version released yesterday,neutral
bitcoin node distributed across country,neutral
bitcoin dominance currently,neutral
bitcoin segwit adoption rate percent,neutral
bitcoin accepted merchant worldwide,positive
bitcoin mining difficulty increased,neutral
bitcoin fear greed index,neutral
bitcoin exchange reserve btc,neutral
bitcoin realized cap billion,neutral
bitcoin velocity indicator,neutral
bitcoin node count increased,neutral
network fee collected btc today,neutral
bitcoin transaction fee dollar today,neutral
bitcoin mining difficulty trillion,neutral
bitcoin hashrate ehs currently,neutral
hodl wave showing held year,neutral
mempool size mb currently,neutral
bitcoin hashrate ehs currently,neutral
total bitcoin address balance million,neutral
bull run epic bitcoin k,positive
bitcoin k yesterday,neutral
bitcoin core version released yesterday,neutral
bitcoin difficulty adjustment day,neutral
bitcoin inflation rate annually,neutral
average bitcoin fee per transaction dollar,neutral
miner revenue today million,neutral
bitcoin realized cap billion,neutral
nvt ratio currently,neutral
bitcoin hashrate ehs currently,neutral
bitcoin node distributed across country,neutral
bitcoin puell multiple reading,neutral
bitcoin accepted merchant worldwide,positive
bitcoin k yesterday,neutral
bull run epic bitcoin k,positive
bull run epic bitcoin k,positive
network fee collected btc today,neutral
network difficulty retarget hour,neutral
bitcoin fear greed index,neutral
bitcoin realized cap billion,neutral
bitcoin fear greed index,neutral
mempool size mb currently,neutral
bitcoin velocity indicator,neutral
bitcoin realized cap billion,neutral
lightning network capacity btc,neutral
lightning network channel active,neutral
bitcoin difficulty adjustment day,neutral
hodl wave showing held year,neutral
bitcoin market cap billion dollar,neutral
bitcoin utxo set size reached million,neutral
bitcoin puell multiple reading,neutral
current bitcoin mempool k transaction,neutral
bitcoin market cap billion dollar,neutral
lightning network channel active,neutral
bitcoin hashrate ehs currently,neutral
current block height,neutral
lightning network channel active,neutral
bitcoin fear greed index,neutral
bitcoin realized cap billion,neutral
active bitcoin address million,neutral
total bitcoin address balance million,neutral
current block height,neutral
bitcoin accepted merchant worldwide,positive
mempool size mb currently,neutral
living bitcoin year amazing,positive
network difficulty retarget hour,neutral
bitcoin node distributed across country,neutral
network difficulty retarget hour,neutral
lightning network capacity btc,neutral
bitcoin blockchain size reached gb,neutral
coinbase premium currently,neutral
lightning network capacity btc,neutral
bitcoin mining difficulty increased,neutral
miner revenue today million,neutral
average bitcoin transaction size byte,neutral
best decision ever buying bitcoin,positive
realized profit loss ratio,neutral
bitcoin whitepaper anniversary today year,neutral
nvt ratio currently,neutral
mempool size mb currently,neutral
bitcoin taproot upgrade activated year ago,neutral
average bitcoin fee per transaction dollar,neutral
lightning network channel active,neutral
bitcoin velocity indicator,neutral
bitcoin velocity indicator,neutral
current bitcoin mempool k transaction,neutral
bitcoin realized cap billion,neutral
hodl wave showing held year,neutral
coin moved onchain btc,neutral
bitcoin average block size mb today,neutral
bitcoin hashrate ehs currently,neutral
bitcoin velocity indicator,neutral
realized profit loss ratio,neutral
network fee collected btc today,neutral
bitcoin stock flow ratio,neutral
bitcoin dominance currently,neutral
bitcoin transaction fee dollar today,neutral
bitcoin halving countdown day remaining,neutral
hodl wave showing held year,neutral
unconfirmed transaction mempool,neutral
bitcoin blockchain size reached gb,neutral
bitcoin hashrate ehs currently,neutral
current bitcoin mempool k transaction,neutral
average bitcoin transaction size byte,neutral
realized profit loss ratio,neutral
bitcoin blockchain size reached gb,neutral
bitcoin puell multiple reading,neutral
bitcoin realized cap billion,neutral
bitcoin price consolidating around k,neutral
average bitcoin transaction size byte,neutral
average bitcoin fee per transaction dollar,neutral
network fee collected btc today,neutral
bitcoin blockchain size reached gb,neutral
bitcoin utxo set size reached million,neutral
hodl wave showing held year,neutral
bitcoin segwit adoption rate percent,neutral
bitcoin node count increased,neutral
hodl wave showing held year,neutral
nvt ratio currently,neutral
network fee collected btc today,neutral
bitcoin stock flow ratio,neutral
bitcoin realized cap billion,neutral
best decision ever buying bitcoin,positive
lightning network capacity btc,neutral
miner revenue today million,neutral
bitcoin velocity indicator,neutral
bull run epic bitcoin k,positive
current bitcoin mempool k transaction,neutral
daily bitcoin transaction averaging k,neutral
hodl wave showing held year,neutral
lightning network capacity btc,neutral
nvt ratio currently,neutral
average bitcoin transaction size byte,neutral
bitcoin average block size mb today,neutral
current bitcoin mempool k transaction,neutral
bitcoin puell multiple reading,neutral
realized profit loss ratio,neutral
nvt ratio currently,neutral
bitcoin market cap billion dollar,neutral
bitcoin whitepaper anniversary today year,neutral
bitcoin velocity indicator,neutral
bitcoin k yesterday,neutral
bitcoin node distributed across country,neutral
network fee collected btc today,neutral
best decision ever buying bitcoin,positive
realized profit loss ratio,neutral
average bitcoin transaction size byte,neutral
daily bitcoin transaction averaging k,neutral
current block height,neutral
total bitcoin address balance million,neutral
bitcoin transaction fee dollar today,neutral
bitcoin velocity indicator,neutral
bitcoin mining difficulty trillion,neutral
nvt ratio currently,neutral
bitcoin dominance currently,neutral
daily bitcoin transaction averaging k,neutral
bitcoin trading volume today,neutral
mempool size mb currently,neutral
coin moved onchain btc,neutral
hodl wave showing held year,neutral
average bitcoin transaction size byte,neutral
coinbase premium currently,neutral
bitcoin price consolidating around k,neutral
bitcoin transaction fee dollar today,neutral
hodl wave showing held year,neutral
bitcoin puell multiple reading,neutral
bitcoin price consolidating around k,neutral
bitcoin dominance currently,neutral
daily bitcoin transaction averaging k,neutral
coin moved onchain btc,neutral
network difficulty retarget hour,neutral
active bitcoin address million,neutral
bitcoin fear greed index,neutral
unconfirmed transaction mempool,neutral
bitcoin velocity indicator,neutral
total bitcoin address balance million,neutral
bitcoin market cap billion dollar,neutral
daily bitcoin transaction averaging k,neutral
bitcoin velocity indicator,neutral
bitcoin price consolidating around k,neutral
average bitcoin transaction size byte,neutral
bitcoin trading volume today,neutral
bitcoin exchange reserve btc,neutral
bitcoin price consolidating around k,neutral
bitcoin average block size mb today,neutral
bitcoin stock flow ratio,neutral
mempool size mb currently,neutral
bitcoin dominance currently,neutral
bitcoin hashrate ehs currently,neutral
daily bitcoin transaction averaging k,neutral
daily bitcoin transaction averaging k,neutral
best decision ever buying bitcoin,positive
realized profit loss ratio,neutral
total bitcoin address balance million,neutral
bitcoin difficulty adjustment day,neutral
bitcoin average block size mb today,neutral
network fee collected btc today,neutral
unconfirmed transaction mempool,neutral
miner revenue today million,neutral
hodl wave showing held year,neutral
bitcoin mining difficulty increased,neutral
bitcoin mining difficulty increased,neutral
bitcoin average block size mb today,neutral
bitcoin transaction fee dollar today,neutral
bitcoin velocity indicator,neutral
network difficulty retarget hour,neutral
bitcoin puell multiple reading,neutral
bitcoin exchange reserve btc,neutral
unconfirmed transaction mempool,neutral
bitcoin transaction fee dollar today,neutral
bitcoin mining difficulty increased,neutral
average bitcoin transaction size byte,neutral
current bitcoin mempool k transaction,neutral
bitcoin inflation rate annually,neutral
bitcoin transaction fee dollar today,neutral
network fee collected btc today,neutral
bitcoin average block size mb today,neutral
bitcoin price consolidating around k,neutral
bitcoin trading volume today,neutral
bitcoin fear greed index,neutral
bitcoin fear greed index,neutral
bitcoin trading volume today,neutral
bitcoin segwit adoption rate percent,neutral
average bitcoin transaction size byte,neutral
bitcoin node distributed across country,neutral
bitcoin price consolidating around k,neutral
coin moved onchain btc,neutral
bitcoin halving countdown day remaining,neutral
current block height,neutral
coin moved onchain btc,neutral
current block height,neutral
bitcoin mining difficulty trillion,neutral
bitcoin fear greed index,neutral
realized profit loss ratio,neutral
bitcoin average block size mb today,neutral
bitcoin hashrate ehs currently,neutral
bitcoin price consolidating around k,neutral
active bitcoin address million,neutral
mempool size mb currently,neutral
bitcoin velocity indicator,neutral
bitcoin realized cap billion,neutral
bitcoin average block size mb today,neutral
bitcoin trading volume today,neutral
network fee collected btc today,neutral
unconfirmed transaction mempool,neutral
unconfirmed transaction mempool,neutral
hodl wave showing held year,neutral
active bitcoin address million,neutral
network difficulty retarget hour,neutral
bull run epic bitcoin k,positive
bitcoin mining difficulty trillion,neutral
bitcoin k yesterday,neutral
bitcoin stock flow ratio,neutral
bitcoin halving countdown day remaining,neutral
unconfirmed transaction mempool,neutral
hodl wave showing held year,neutral
bitcoin utxo set size reached million,neutral
lightning network channel active,neutral
bitcoin blockchain size reached gb,neutral
bitcoin utxo set size reached million,neutral
hodl wave showing held year,neutral
bitcoin accepted merchant worldwide,positive
bitcoin stock flow ratio,neutral
bull run epic bitcoin k,positive
bitcoin market cap billion dollar,neutral
bitcoin average block size mb today,neutral
bitcoin difficulty adjustment day,neutral
bitcoin transaction fee dollar today,neutral
bitcoin mining difficulty increased,neutral
bitcoin node count increased,neutral
realized profit loss ratio,neutral
bitcoin node count increased,neutral
nvt ratio currently,neutral
bitcoin accepted merchant worldwide,positive
bitcoin market cap billion dollar,neutral
bitcoin exchange reserve btc,neutral
bitcoin trading volume today,neutral
bitcoin puell multiple reading,neutral
bitcoin blockchain size reached gb,neutral
lightning network channel active,neutral
bitcoin exchange reserve btc,neutral
total bitcoin address balance million,neutral
current bitcoin mempool k transaction,neutral
bitcoin blockchain size reached gb,neutral
bitcoin fear greed index,neutral
bitcoin mining difficulty increased,neutral
coinbase premium currently,neutral
bitcoin market cap billion dollar,neutral
coin moved onchain btc,neutral
daily bitcoin transaction averaging k,neutral
bitcoin accepted merchant worldwide,positive
total bitcoin address balance million,neutral
bitcoin halving countdown day remaining,neutral
current block height,neutral
bitcoin halving countdown day remaining,neutral
lightning network channel active,neutral
network fee collected btc today,neutral
bitcoin transaction fee dollar today,neutral
bitcoin utxo set size reached million,neutral
nvt ratio currently,neutral
bitcoin hashrate ehs currently,neutral
unconfirmed transaction mempool,neutral
lightning network capacity btc,neutral
bitcoin stock flow ratio,neutral
bitcoin halving countdown day remaining,neutral
nvt ratio currently,neutral
mempool size mb currently,neutral
bitcoin market cap billion dollar,neutral
lightning network channel active,neutral
bitcoin difficulty adjustment day,neutral
bull run epic bitcoin k,positive
bitcoin difficulty adjustment day,neutral
bitcoin taproot upgrade activated year ago,neutral
miner revenue today million,neutral
bitcoin fear greed index,neutral
bitcoin puell multiple reading,neutral
coinbase premium currently,neutral
coin moved onchain btc,neutral
active bitcoin address million,neutral
active bitcoin address million,neutral
bitcoin taproot upgrade activated year ago,neutral
bitcoin dominance currently,neutral
bitcoin market cap billion dollar,neutral
coin moved onchain btc,neutral
bitcoin blockchain size reached gb,neutral
average bitcoin transaction size byte,neutral
bitcoin hashrate ehs currently,neutral
bitcoin dominance currently,neutral
coinbase premium currently,neutral
lightning network channel active,neutral
bitcoin average block size mb today,neutral
current bitcoin mempool k transaction,neutral
bitcoin price consolidating around k,neutral
bitcoin fear greed index,neutral
bitcoin trading volume today,neutral
current block height,neutral
unconfirmed transaction mempool,neutral
mempool size mb currently,neutral
bitcoin halving countdown day remaining,neutral
bitcoin node count increased,neutral
bitcoin exchange reserve btc,neutral
hodl wave showing held year,neutral
average bitcoin fee per transaction dollar,neutral
bitcoin halving countdown day remaining,neutral
nvt ratio currently,neutral
bitcoin node count increased,neutral
network fee collected btc today,neutral
current bitcoin mempool k transaction,neutral
bitcoin realized cap billion,neutral
bitcoin market cap billion dollar,neutral
bitcoin halving countdown day remaining,neutral
bitcoin k yesterday,neutral
realized profit loss ratio,neutral
bitcoin average block size mb today,neutral
nvt ratio currently,neutral
average bitcoin transaction size byte,neutral
coinbase premium currently,neutral
network fee collected btc today,neutral
bitcoin accepted merchant worldwide,positive
network fee collected btc today,neutral
bitcoin mining difficulty trillion,neutral
bitcoin node count increased,neutral
coin moved onchain btc,neutral
bitcoin mining difficulty increased,neutral
realized profit loss ratio,neutral
bitcoin k yesterday,neutral
bitcoin transaction fee dollar today,neutral
coin moved onchain btc,neutral
bitcoin hashrate ehs currently,neutral
bitcoin halving countdown day remaining,neutral
network difficulty retarget hour,neutral
bitcoin average block size mb today,neutral
bitcoin exchange reserve btc,neutral
hodl wave showing held year,neutral
bitcoin price consolidating around k,neutral
bitcoin velocity indicator,neutral
bitcoin core version released yesterday,neutral
current bitcoin mempool k transaction,neutral
miner revenue today million,neutral
bitcoin average block size mb today,neutral
bitcoin velocity indicator,neutral
bitcoin stock flow ratio,neutral
bitcoin trading volume today,neutral
miner revenue today million,neutral
network fee collected btc today,neutral
bitcoin dominance currently,neutral
bitcoin halving countdown day remaining,neutral
bitcoin mining difficulty trillion,neutral
nvt ratio currently,neutral
bitcoin node distributed across country,neutral
bitcoin dominance currently,neutral
bitcoin fear greed index,neutral
unconfirmed transaction mempool,neutral
bitcoin trading volume today,neutral
best decision ever buying bitcoin,positive
active bitcoin address million,neutral
bitcoin transaction fee dollar today,neutral
bitcoin fear greed index,neutral
bitcoin k yesterday,neutral
bitcoin halving countdown day remaining,neutral
bitcoin transaction fee dollar today,neutral
daily bitcoin transaction averaging k,neutral
lightning network channel active,neutral
lightning network capacity btc,neutral
unconfirmed transaction mempool,neutral
bitcoin halving countdown day remaining,neutral
unconfirmed transaction mempool,neutral
bitcoin mining difficulty increased,neutral
coin moved onchain btc,neutral
bitcoin segwit adoption rate percent,neutral
bitcoin taproot upgrade activated year ago,neutral
average bitcoin transaction size byte,neutral
bull run epic bitcoin k,positive
bitcoin stock flow ratio,neutral
bitcoin inflation rate annually,neutral
miner revenue today million,neutral
bitcoin utxo set size reached million,neutral
bitcoin fear greed index,neutral
unconfirmed transaction mempool,neutral
bitcoin blockchain size reached gb,neutral
bitcoin stock flow ratio,neutral
bitcoin hashrate ehs currently,neutral
active bitcoin address million,neutral
bitcoin average block size mb today,neutral
realized profit loss ratio,neutral
miner revenue today million,neutral
bitcoin price consolidating around k,neutral
bitcoin halving countdown day remaining,neutral
bitcoin accepted merchant worldwide,positive
daily bitcoin transaction averaging k,neutral
bitcoin halving countdown day remaining,neutral
bitcoin accepted merchant worldwide,positive
total bitcoin address balance million,neutral
bitcoin average block size mb today,neutral
daily bitcoin transaction averaging k,neutral
realized profit loss ratio,neutral
living bitcoin year amazing,positive
bitcoin price consolidating around k,neutral
network fee collected btc today,neutral
bitcoin inflation rate annually,neutral
daily bitcoin transaction averaging k,neutral
bitcoin fear greed index,neutral
bitcoin segwit adoption rate percent,neutral
bitcoin node count increased,neutral
coin moved onchain btc,neutral
bitcoin halving countdown day remaining,neutral
bitcoin mining difficulty trillion,neutral
lightning network capacity btc,neutral
current bitcoin mempool k transaction,neutral
bitcoin exchange reserve btc,neutral
active bitcoin address million,neutral
bull run epic bitcoin k,positive
bitcoin blockchain size reached gb,neutral
active bitcoin address million,neutral
nvt ratio currently,neutral
bitcoin mining difficulty trillion,neutral
bitcoin velocity indicator,neutral
bitcoin realized cap billion,neutral
total bitcoin address balance million,neutral
bitcoin puell multiple reading,neutral
network difficulty retarget hour,neutral
coin moved onchain btc,neutral
current bitcoin mempool k transaction,neutral
bitcoin trading volume today,neutral
daily bitcoin transaction averaging k,neutral
bitcoin velocity indicator,neutral
bull run epic bitcoin k,positive
bitcoin price consolidating around k,neutral
bitcoin market cap billion dollar,neutral
bitcoin mining difficulty increased,neutral
bitcoin fear greed index,neutral
bitcoin utxo set size reached million,neutral
current block height,neutral
coinbase premium currently,neutral
bull run epic bitcoin k,positive
bitcoin node count increased,neutral
bitcoin fear greed index,neutral
average bitcoin transaction size byte,neutral
bitcoin difficulty adjustment day,neutral
total bitcoin address balance million,neutral
bitcoin blockchain size reached gb,neutral
bitcoin difficulty adjustment day,neutral
bitcoin mining difficulty trillion,neutral
bitcoin realized cap billion,neutral
bitcoin segwit adoption rate percent,neutral
bitcoin dominance currently,neutral
nvt ratio currently,neutral
bitcoin price consolidating around k,neutral
unconfirmed transaction mempool,neutral
network difficulty retarget hour,neutral
bitcoin puell multiple reading,neutral
bitcoin stock flow ratio,neutral
average bitcoin fee per transaction dollar,neutral
bitcoin exchange reserve btc,neutral
bitcoin mining difficulty trillion,neutral
bitcoin fear greed index,neutral
bitcoin velocity indicator,neutral
bitcoin market cap billion dollar,neutral
realized profit loss ratio,neutral
coinbase premium currently,neutral
bitcoin trading volume today,neutral
bitcoin difficulty adjustment day,neutral
bitcoin stock flow ratio,neutral
bitcoin accepted merchant worldwide,positive
network difficulty retarget hour,neutral
bitcoin utxo set size reached million,neutral
lightning network channel active,neutral
bitcoin dominance currently,neutral
daily bitcoin transaction averaging k,neutral
bitcoin difficulty adjustment day,neutral
network difficulty retarget hour,neutral
bitcoin price consolidating around k,neutral
bitcoin node distributed across country,neutral
bitcoin fear greed index,neutral
bitcoin node distributed across country,neutral
network difficulty retarget hour,neutral
current block height,neutral
bitcoin stock flow ratio,neutral
bitcoin taproot upgrade activated year ago,neutral
bitcoin realized cap billion,neutral
bitcoin k yesterday,neutral
bitcoin mining difficulty trillion,neutral
active bitcoin address million,neutral
bitcoin inflation rate annually,neutral
bitcoin market cap billion dollar,neutral
bitcoin segwit adoption rate percent,neutral
mempool size mb currently,neutral
total bitcoin address balance million,neutral
current bitcoin mempool k transaction,neutral
nvt ratio currently,neutral
bitcoin accepted merchant worldwide,positive
lightning network capacity btc,neutral
bitcoin difficulty adjustment day,neutral
bitcoin hashrate ehs currently,neutral
bitcoin average block size mb today,neutral
bitcoin trading volume today,neutral
bitcoin utxo set size reached million,neutral
bitcoin puell multiple reading,neutral
bitcoin stock flow ratio,neutral
bitcoin puell multiple reading,neutral
coinbase premium currently,neutral
current block height,neutral
current bitcoin mempool k transaction,neutral
bitcoin accepted merchant worldwide,positive
bitcoin velocity indicator,neutral
miner revenue today million,neutral
coin moved onchain btc,neutral
bitcoin realized cap billion,neutral
mempool size mb currently,neutral
bitcoin utxo set size reached million,neutral
lightning network channel active,neutral
miner revenue today million,neutral
bitcoin hashrate ehs currently,neutral
current block height,neutral
mempool size mb currently,neutral
bitcoin puell multiple reading,neutral
unconfirmed transaction mempool,neutral
mempool size mb currently,neutral
total bitcoin address balance million,neutral
current bitcoin mempool k transaction,neutral
bitcoin puell multiple reading,neutral
hodl wave showing held year,neutral
bitcoin puell multiple reading,neutral
bitcoin trading volume today,neutral
bitcoin price consolidating around k,neutral
current bitcoin mempool k transaction,neutral
bitcoin inflation rate annually,neutral
active bitcoin address million,neutral
average bitcoin transaction size byte,neutral
bitcoin stock flow ratio,neutral
daily bitcoin transaction averaging k,neutral
bitcoin stock flow ratio,neutral
bitcoin node count increased,neutral
bitcoin halving countdown day remaining,neutral
bitcoin stock flow ratio,neutral
bitcoin exchange reserve btc,neutral
bitcoin mining difficulty increased,neutral
bitcoin mining difficulty increased,neutral
bitcoin puell multiple reading,neutral
daily bitcoin transaction averaging k,neutral
bitcoin hashrate ehs currently,neutral
bitcoin node distributed across country,neutral
bitcoin k yesterday,neutral
bitcoin node distributed across country,neutral
lightning network channel active,neutral
nvt ratio currently,neutral
bitcoin k yesterday,neutral
bitcoin core version released yesterday,neutral
lightning network capacity btc,neutral
bitcoin accepted merchant worldwide,positive
bitcoin puell multiple reading,neutral
mempool size mb currently,neutral
average bitcoin transaction size byte,neutral
unconfirmed transaction mempool,neutral
bitcoin price consolidating around k,neutral
hodl wave showing held year,neutral
bitcoin halving countdown day remaining,neutral
bitcoin velocity indicator,neutral
daily bitcoin transaction averaging k,neutral
network difficulty retarget hour,neutral
bitcoin node count increased,neutral
coinbase premium currently,neutral
average bitcoin transaction size byte,neutral
bitcoin difficulty adjustment day,neutral
bitcoin blockchain size reached gb,neutral
bitcoin segwit adoption rate percent,neutral
network fee collected btc today,neutral
bitcoin exchange reserve btc,neutral
bitcoin puell multiple reading,neutral
coin moved onchain btc,neutral
current bitcoin mempool k transaction,neutral
bitcoin difficulty adjustment day,neutral
bitcoin dominance currently,neutral
bitcoin k yesterday,neutral
average bitcoin fee per transaction dollar,neutral
bitcoin node distributed across country,neutral
bitcoin halving countdown day remaining,neutral
bitcoin average block size mb today,neutral
unconfirmed transaction mempool,neutral
bitcoin realized cap billion,neutral
hodl wave showing held year,neutral
bitcoin blockchain size reached gb,neutral
bitcoin node distributed across country,neutral
bitcoin segwit adoption rate percent,neutral
mempool size mb currently,neutral
bitcoin halving countdown day remaining,neutral
current block height,neutral
total bitcoin address balance million,neutral
bitcoin exchange reserve btc,neutral
active bitcoin address million,neutral
current block height,neutral
bitcoin trading volume today,neutral
network fee collected btc today,neutral
total bitcoin address balance million,neutral
network difficulty retarget hour,neutral
bitcoin exchange reserve btc,neutral
bitcoin market cap billion dollar,neutral
bitcoin core version released yesterday,neutral
active bitcoin address million,neutral
bitcoin utxo set size reached million,neutral
bitcoin mining difficulty trillion,neutral
bitcoin utxo set size reached million,neutral
average bitcoin transaction size byte,neutral
daily bitcoin transaction averaging k,neutral
average bitcoin fee per transaction dollar,neutral
total bitcoin address balance million,neutral
bitcoin node count increased,neutral
bitcoin mining difficulty trillion,neutral
daily bitcoin transaction averaging k,neutral
bitcoin node count increased,neutral
bitcoin market cap billion dollar,neutral
average bitcoin fee per transaction dollar,neutral
bitcoin price consolidating around k,neutral
mempool size mb currently,neutral
total bitcoin address balance million,neutral
unconfirmed transaction mempool,neutral
current bitcoin mempool k transaction,neutral
active bitcoin address million,neutral
average bitcoin transaction size byte,neutral
bitcoin node count increased,neutral
bitcoin accepted merchant worldwide,positive
nvt ratio currently,neutral
bitcoin node distributed across country,neutral
bitcoin stock flow ratio,neutral
mempool size mb currently,neutral
bitcoin market cap billion dollar,neutral
nvt ratio currently,neutral
living bitcoin year amazing,positive
bitcoin average block size mb today,neutral
bitcoin hashrate ehs currently,neutral
average bitcoin fee per transaction dollar,neutral
bitcoin node distributed across country,neutral
miner revenue today million,neutral
average bitcoin transaction size byte,neutral
bitcoin trading volume today,neutral
daily bitcoin transaction averaging k,neutral
bitcoin puell multiple reading,neutral
bitcoin puell multiple reading,neutral
realized profit loss ratio,neutral
nvt ratio currently,neutral
mempool size mb currently,neutral
bitcoin realized cap billion,neutral
lightning network channel active,neutral
coinbase premium currently,neutral
bitcoin velocity indicator,neutral
bitcoin k yesterday,neutral
hodl wave showing held year,neutral
bitcoin hashrate ehs currently,neutral
current bitcoin mempool k transaction,neutral
bitcoin market cap billion dollar,neutral
bitcoin halving countdown day remaining,neutral
coin moved onchain btc,neutral
mempool size mb currently,neutral
bitcoin accepted merchant worldwide,positive
average bitcoin fee per transaction dollar,neutral
miner revenue today million,neutral
bitcoin taproot upgrade activated year ago,neutral
average bitcoin transaction size byte,neutral
bitcoin market cap billion dollar,neutral
miner revenue today million,neutral
bitcoin exchange reserve btc,neutral
bitcoin hashrate ehs currently,neutral
bitcoin segwit adoption rate percent,neutral
coin moved onchain btc,neutral
bitcoin halving countdown day remaining,neutral
bitcoin mining difficulty increased,neutral
bitcoin accepted merchant worldwide,positive
bitcoin market cap billion dollar,neutral
bitcoin k yesterday,neutral
bitcoin accepted merchant worldwide,positive
mempool size mb currently,neutral
bitcoin mining difficulty increased,neutral
bitcoin accepted merchant worldwide,positive
bitcoin segwit adoption rate percent,neutral
bitcoin dominance currently,neutral
current bitcoin mempool k transaction,neutral
current bitcoin mempool k transaction,neutral
current block height,neutral
bitcoin taproot upgrade activated year ago,neutral
nvt ratio currently,neutral
network fee collected btc today,neutral
bitcoin mining difficulty trillion,neutral
network difficulty retarget hour,neutral
bitcoin realized cap billion,neutral
network difficulty retarget hour,neutral
bitcoin accepted merchant worldwide,positive
bitcoin blockchain size reached gb,neutral
bitcoin mining difficulty trillion,neutral
bitcoin price consolidating around k,neutral
bitcoin utxo set size reached million,neutral
daily bitcoin transaction averaging k,neutral
bitcoin node distributed across country,neutral
bitcoin price consolidating around k,neutral
bitcoin dominance currently,neutral
bitcoin mining difficulty increased,neutral
average bitcoin transaction size byte,neutral
current block height,neutral
bitcoin whitepaper anniversary today year,neutral
daily bitcoin transaction averaging k,neutral
coin moved onchain btc,neutral
bitcoin utxo set size reached million,neutral
total bitcoin address balance million,neutral
bull run epic bitcoin k,positive
current block height,neutral
bitcoin accepted merchant worldwide,positive
bitcoin velocity indicator,neutral
bitcoin exchange reserve btc,neutral
bitcoin k yesterday,neutral
bitcoin segwit adoption rate percent,neutral
bitcoin mining difficulty increased,neutral
network difficulty retarget hour,neutral
lightning network channel active,neutral
nvt ratio currently,neutral
bitcoin mining difficulty trillion,neutral
bitcoin dominance currently,neutral
bitcoin inflation rate annually,neutral
lightning network capacity btc,neutral
bitcoin fear greed index,neutral
bitcoin exchange reserve btc,neutral
unconfirmed transaction mempool,neutral
active bitcoin address million,neutral
network difficulty retarget hour,neutral
bitcoin stock flow ratio,neutral
bitcoin average block size mb today,neutral
bitcoin inflation rate annually,neutral
bitcoin trading volume today,neutral
network fee collected btc today,neutral
current bitcoin mempool k transaction,neutral
bitcoin exchange reserve btc,neutral
bitcoin price consolidating around k,neutral
bitcoin utxo set size reached million,neutral
bitcoin k yesterday,neutral
bitcoin dominance currently,neutral
coinbase premium currently,neutral
hodl wave showing held year,neutral
average bitcoin fee per transaction dollar,neutral
lightning network capacity btc,neutral
network difficulty retarget hour,neutral
bitcoin market cap billion dollar,neutral
current bitcoin mempool k transaction,neutral
miner revenue today million,neutral
average bitcoin transaction size byte,neutral
bitcoin halving countdown day remaining,neutral
bitcoin difficulty adjustment day,neutral
network difficulty retarget hour,neutral
current bitcoin mempool k transaction,neutral
bitcoin transaction fee dollar today,neutral
bitcoin fear greed index,neutral
coin moved onchain btc,neutral
bitcoin realized cap billion,neutral
bitcoin velocity indicator,neutral
bitcoin average block size mb today,neutral
bitcoin exchange reserve btc,neutral
network fee collected btc today,neutral
bitcoin realized cap billion,neutral
nvt ratio currently,neutral
bitcoin difficulty adjustment day,neutral
bitcoin fear greed index,neutral
bull run epic bitcoin k,positive
coin moved onchain btc,neutral
bitcoin realized cap billion,neutral
bitcoin velocity indicator,neutral
network difficulty retarget hour,neutral
bitcoin average block size mb today,neutral
bitcoin transaction fee dollar today,neutral
bitcoin whitepaper anniversary today year,neutral
bitcoin hashrate ehs currently,neutral
bitcoin average block size mb today,neutral
current block height,neutral
hodl wave showing held year,neutral
daily bitcoin transaction averaging k,neutral
mempool size mb currently,neutral
coin moved onchain btc,neutral
bitcoin market cap billion dollar,neutral
bitcoin price consolidating around k,neutral
daily bitcoin transaction averaging k,neutral
bitcoin average block size mb today,neutral
mempool size mb currently,neutral
bitcoin market cap billion dollar,neutral
