text,sentiment
current block height,neutral
active bitcoin address million,neutral
bitcoin trading volume today,neutral
bitcoin hashrate ehs currently,neutral
bitcoin changing life around world,positive
mempool size mb currently,neutral
bitcoin price consolidating around k,neutral
satoshi nakamoto mined first bitcoin block,neutral
bitcoin mining difficulty increased,neutral
lightning network channel active,neutral
bitcoin difficulty adjustment day,neutral
transaction speed make bitcoin unusable,negative
bitcoin fear greed index,neutral
bitcoin velocity indicator,neutral
average bitcoin fee per transaction dollar,neutral
bitcoin core version released yesterday,neutral
hodl wave showing held year,neutral
average bitcoin transaction size byte,neutral
bitcoin mining difficulty trillion,neutral
bitcoin blockchain size reached gb,neutral
bitcoin difficulty adjustment day,neutral
bitcoin node count increased,neutral
bitcoin taproot upgrade activated year ago,neutral
bitcoin core version released yesterday,neutral
lightning network capacity btc,neutral
bitcoin blockchain size reached gb,neutral
bitcoin whitepaper anniversary today year,neutral
average bitcoin transaction size byte,neutral
mempool size mb currently,neutral
bitcoin trading volume today,neutral
bitcoin puell multiple reading,neutral
bitcoin velocity indicator,neutral
bitcoin velocity indicator,neutral
realized profit loss ratio,neutral
bitcoin puell multiple reading,neutral
bitcoin realized cap billion,neutral
bitcoin exchange reserve btc,neutral
bitcoin utxo set size reached million,neutral
unconfirmed transaction mempool,neutral
bitcoin mining difficulty increased,neutral
bitcoin market cap billion dollar,neutral
bitcoin whitepaper anniversary today year,neutral
bitcoin inflation rate annually,neutral
hodl wave showing held year,neutral
bitcoin core version released yesterday,neutral
bitcoin scam everywhere cant trust anyone,negative
bitcoin inflation rate annually,neutral
bitcoin node count increased,neutral
bitcoin node distributed across country,neutral
bitcoin onchain metric showing accumulation,neutral
daily bitcoin transaction averaging k,neutral
lightning network channel active,neutral
mempool size mb currently,neutral
bitcoin taproot upgrade activated year ago,neutral
bitcoin mining difficulty increased,neutral
mempool size mb currently,neutral
bitcoin segwit adoption rate percent,neutral
bitcoin velocity indicator,neutral
realized profit loss ratio,neutral
bitcoin node count increased,neutral
bitcoin mining difficulty increased,neutral
bitcoin velocity indicator,neutral
bitcoin core version released yesterday,neutral
bitcoin average block size mb today,neutral
coin moved onchain btc,neutral
bitcoin mining difficulty increased,neutral
network fee collected btc today,neutral
bitcoin represents hope unbanked million,positive
bitcoin failing store value test,negative
network difficulty retarget hour,neutral
network difficulty retarget hour,neutral
bitcoin node count increased,neutral
average bitcoin transaction size byte,neutral
lightning network capacity btc,neutral
unconfirmed transaction mempool,neutral
bitcoin velocity indicator,neutral
lightning network channel active,neutral
nvt ratio currently,neutral
average confirmation time minute,neutral
average confirmation time minute,neutral
bitcoin halving countdown day remaining,neutral
bitcoin exchange reserve btc,neutral
bitcoin market cap billion dollar,neutral
bitcoin k yesterday,neutral
unconfirmed transaction mempool,neutral
daily bitcoin transaction averaging k,neutral
current bitcoin mempool k transaction,neutral
realized profit loss ratio,neutral
lightning network channel active,neutral
bitcoin market cap billion dollar,neutral
bitcoin k yesterday,neutral
lightning network channel active,neutral
bitcoin market cap billion dollar,neutral
bitcoin transaction fee dollar today,neutral
bitcoin whitepaper anniversary today year,neutral
bitcoin core version released yesterday,neutral
bitcoin solves money problem,positive
bitcoin gave hope future,positive
average bitcoin fee per transaction dollar,neutral
nvt ratio currently,neutral
bitcoin k yesterday,neutral
bitcoin average block size mb today,neutral
bought bitcoin feeling bullish,positive
current bitcoin mempool k transaction,neutral
bitcoin difficulty adjustment day,neutral
lightning network channel active,neutral
bitcoin market cap billion dollar,neutral
miner revenue today million,neutral
bitcoin node distributed across country,neutral
lightning network capacity btc,neutral
lightning network capacity btc,neutral
bitcoin velocity indicator,neutral
bitcoin node distributed across country,neutral
hodl wave showing held year,neutral
nvt ratio currently,neutral
bitcoin hashrate ehs currently,neutral
nvt ratio currently,neutral
bull run epic bitcoin k,positive
bitcoin market cap billion dollar,neutral
bitcoin market cap billion dollar,neutral
unconfirmed transaction mempool,neutral
optimistic bitcoin scaling solution,positive
realized profit loss ratio,neutral
bitcoin node count increased,neutral
bitcoin dominance currently,neutral
bitcoin trading volume today,neutral
bitcoin difficulty adjustment day,neutral
lightning network channel active,neutral
bitcoin dominance currently,neutral
bitcoin difficulty adjustment day,neutral
bitcoin halving countdown day remaining,neutral
bitcoin mining centralization worrying trend,negative
bitcoin dominance currently,neutral
government ban bitcoin eventually,negative
bitcoin halving countdown day remaining,neutral
bitcoin halving countdown day remaining,neutral
bitcoin privacy improving coinjoin adoption,positive
bitcoin stock flow ratio,neutral
bitcoin realized cap billion,neutral
mempool size mb currently,neutral
mempool size mb currently,neutral
bitcoin segwit adoption rate percent,neutral
sold bitcoin moving stock,negative
bitcoin utxo set size reached million,neutral
bitcoin node count increased,neutral
bitcoin mining difficulty increased,neutral
average bitcoin transaction size byte,neutral
bitcoin blockchain size reached gb,neutral
best decision ever buying bitcoin,positive
mining reward declining make bitcoin vulnerable,negative
bitcoin adoption growing major company accepting,positive
bitcoin price consolidating around k,neutral
bitcoin market cap billion dollar,neutral
daily bitcoin transaction averaging k,neutral
average bitcoin fee per transaction dollar,neutral
average bitcoin transaction size byte,neutral
bull run epic bitcoin k,positive
bitcoin price consolidating around k,neutral
bitcoin freedom money period,positive
mempool size mb currently,neutral
bitcoin creating generational wealth hodlers,positive
bitcoin accepted merchant worldwide,positive
bitcoin hashrate ehs currently,neutral
hodl wave showing held year,neutral
bitcoin utxo set size reached million,neutral
mempool size mb currently,neutral
living bitcoin year amazing,positive
unconfirmed transaction mempool,neutral
bitcoin puell multiple reading,neutral
active bitcoin address million,neutral
average bitcoin transaction size byte,neutral
bitcoin network congestion frustrating user,negative
daily bitcoin transaction averaging k,neutral
bitcoin price consolidating around k,neutral
realized profit loss ratio,neutral
bitcoin mining pool distribution chart updated,neutral
bitcoin exchange reserve btc,neutral
bitcoin accepted merchant worldwide,positive
bitcoin market cap billion dollar,neutral
coinbase premium currently,neutral
hodl wave showing held year,neutral
bitcoin dominance currently,neutral
bitcoin puell multiple reading,neutral
network difficulty retarget hour,neutral
bitcoin becoming less decentralized time,negative
coinbase premium currently,neutral
bitcoin exchange reserve btc,neutral
bitcoin hashrate ehs currently,neutral
coin moved onchain btc,neutral
unconfirmed transaction mempool,neutral
bitcoin average block size mb today,neutral
living bitcoin year amazing,positive
bitcoin velocity indicator,neutral
lightning network channel active,neutral
bitcoin k yesterday,neutral
bitcoin price consolidating around k,neutral
current bitcoin mempool k transaction,neutral
current block height,neutral
current block height,neutral
bitcoin exchange reserve btc,neutral
inflation hedge narrative failed bitcoin,negative
average bitcoin transaction size byte,neutral
bitcoin mining difficulty trillion,neutral
network fee collected btc today,neutral
network fee collected btc today,neutral
current bitcoin mempool k transaction,neutral
bitcoin hash ribbon indicator neutral,neutral
bitcoin stock flow ratio,neutral
bitcoin velocity indicator,neutral
bitcoin velocity indicator,neutral
bitcoin stock flow ratio,neutral
best decision ever buying bitcoin,positive
nvt ratio currently,neutral
regulation destroy bitcoin mark word,negative
bitcoin halving countdown day remaining,neutral
bitcoin fear greed index,neutral
bitcoin blockchain size reached gb,neutral
bitcoin taproot upgrade activated year ago,neutral
orange coin good hodl forever,positive
bitcoin accepted merchant worldwide,positive
mempool size mb currently,neutral
daily bitcoin transaction averaging k,neutral
bitcoin hashrate ehs currently,neutral
average bitcoin transaction size byte,neutral
current block height,neutral
average bitcoin fee per transaction dollar,neutral
average confirmation time minute,neutral
bitcoin price stable today nothing much happening,neutral
bitcoin utxo set size reached million,neutral
coin moved onchain btc,neutral
bitcoin mining pool much power,negative
bitcoin hashrate ehs currently,neutral
bull run epic bitcoin k,positive
network fee collected btc today,neutral
current block height,neutral
bitcoin empowers individual worldwide,positive
coin moved onchain btc,neutral
bitcoin realized cap billion,neutral
realized profit loss ratio,neutral
lightning network capacity btc,neutral
bitcoin trading volume today,neutral
bitcoin difficulty adjustment day,neutral
coin moved onchain btc,neutral
bitcoin realized cap billion,neutral
miner revenue today million,neutral
network difficulty retarget hour,neutral
network fee collected btc today,neutral
average bitcoin transaction size byte,neutral
bitcoin exchange reserve btc,neutral
bitcoin failing peer peer currency,negative
bitcoin price consolidating around k,neutral
coinbase premium currently,neutral
bitcoin core version released yesterday,neutral
realized profit loss ratio,neutral
realized profit loss ratio,neutral
lightning network channel active,neutral
bitcoin trading volume today,neutral
bitcoin difficulty adjustment day,neutral
bitcoin transaction fee dollar today,neutral
btc dominance falling altcoin season coming,negative
bitcoin price consolidating around k,neutral
bitcoin trading volume today,neutral
bitcoin average block size mb today,neutral
bitcoin accepted merchant worldwide,positive
bitcoin segwit adoption rate percent,neutral
bitcoin adoption plateau reached already,negative
bitcoin standard coming get ready,positive
bitcoin core version released yesterday,neutral
current block height,neutral
total bitcoin address balance million,neutral
bitcoin price consolidating around k,neutral
bitcoin k yesterday,neutral
realized profit loss ratio,neutral
total bitcoin address balance million,neutral
bitcoin utxo set size reached million,neutral
unconfirmed transaction mempool,neutral
bitcoin halving countdown day remaining,neutral
average bitcoin fee per transaction dollar,neutral
bitcoin halving countdown day remaining,neutral
coin moved onchain btc,neutral
average bitcoin fee per transaction dollar,neutral
total bitcoin address balance million,neutral
miner revenue today million,neutral
lost much money btc terrible,negative
bitcoin accepted merchant worldwide,positive
active bitcoin address million,neutral
daily bitcoin transaction averaging k,neutral
bitcoin node count increased,neutral
bitcoin utxo set size reached million,neutral
bitcoin stock flow ratio,neutral
bull run epic bitcoin k,positive
bitcoin dominance currently,neutral
bitcoin utxo set size reached million,neutral
active bitcoin address million,neutral
current bitcoin mempool k transaction,neutral
bitcoin whitepaper anniversary today year,neutral
coinbase premium currently,neutral
bitcoin accepted merchant worldwide,positive
bitcoin halving countdown day remaining,neutral
grateful satoshi nakamoto every single day,positive
bitcoin puell multiple reading,neutral
bitcoin mining difficulty trillion,neutral
bitcoin halving countdown day remaining,neutral
bitcoin puell multiple reading,neutral
nvt ratio currently,neutral
nvt ratio currently,neutral
bitcoin education spreading globally bullish future,positive
bitcoin market cap billion dollar,neutral
hodl wave showing held year,neutral
bitcoin realized cap billion,neutral
lightning network channel active,neutral
bitcoin complexity keep mass away,negative
bitcoin hashrate ehs currently,neutral
bitcoin inflation rate annually,neutral
bitcoin realized cap billion,neutral
bitcoin accepted merchant worldwide,positive
bitcoin accepted merchant worldwide,positive
nvt ratio currently,neutral
average bitcoin transaction size byte,neutral
current block height,neutral
bitcoin node count increased,neutral
bitcoin market cap billion dollar,neutral
million bitcoin supply cap hardcoded,neutral
miner revenue today million,neutral
hodl wave showing held year,neutral
bitcoin mining difficulty trillion,neutral
watching bitcoin price discovery exciting,positive
bitcoin puell multiple reading,neutral
unconfirmed transaction mempool,neutral
miner revenue today million,neutral
bitcoin velocity indicator,neutral
bitcoin taproot upgrade activated year ago,neutral
current bitcoin mempool k transaction,neutral
current block height,neutral
bitcoin market cap billion dollar,neutral
bitcoin transaction fee dollar today,neutral
bitcoin accepted merchant worldwide,positive
bitcoin accepted merchant worldwide,positive
bitcoin transaction fee dollar today,neutral
bitcoin correlation stock increasing,negative
bitcoin puell multiple reading,neutral
total bitcoin address balance million,neutral
active bitcoin address million,neutral
bitcoin average block size mb today,neutral
bitcoin puell multiple reading,neutral
realized profit loss ratio,neutral
bitcoin dominance currently,neutral
active bitcoin address million,neutral
unconfirmed transaction mempool,neutral
bitcoin price consolidating around k,neutral
bitcoin realized cap billion,neutral
active bitcoin address million,neutral
daily bitcoin transaction averaging k,neutral
daily bitcoin transaction averaging k,neutral
current bitcoin mempool k transaction,neutral
bitcoin exit broken system,positive
bitcoin stock flow ratio,neutral
proof work make bitcoin secure network,positive
lightning network capacity btc,neutral
network difficulty retarget hour,neutral
bitcoin fear greed index,neutral
bitcoin halving countdown day remaining,neutral
current block height,neutral
realized profit loss ratio,neutral
bull run epic bitcoin k,positive
bitcoin node count increased,neutral
active bitcoin address million,neutral
lightning network channel active,neutral
bitcoin segwit adoption rate percent,neutral
bitcoin segwit adoption rate percent,neutral
bitcoin puell multiple reading,neutral
bitcoin dominance currently,neutral
hodl wave showing held year,neutral
mempool size mb currently,neutral
network difficulty retarget hour,neutral
bitcoin node distributed across country,neutral
unconfirmed transaction mempool,neutral
bitcoin node count increased,neutral
daily bitcoin transaction averaging k,neutral
network difficulty retarget hour,neutral
mempool size mb currently,neutral
bitcoin hashrate ehs currently,neutral
bitcoin price consolidating around k,neutral
bitcoin realized cap billion,neutral
market manipulation obvious bitcoin trading,negative
nvt ratio currently,neutral
bitcoin utxo set size reached million,neutral
average bitcoin transaction size byte,neutral
bitcoin halving countdown day remaining,neutral
bitcoin halving countdown day remaining,neutral
living bitcoin year amazing,positive
total bitcoin address balance million,neutral
realized profit loss ratio,neutral
bitcoin mining difficulty trillion,neutral
bitcoin stock flow ratio,neutral
bitcoin exchange reserve btc,neutral
bitcoin exchange reserve btc,neutral
bitcoin segwit adoption rate percent,neutral
nvt ratio currently,neutral
best decision ever buying bitcoin,positive
nvt ratio currently,neutral
bitcoin realized cap billion,neutral
bitcoin market cap billion dollar,neutral
network difficulty retarget hour,neutral
bitcoin average block size mb today,neutral
bitcoin node distributed across country,neutral
bitcoin node count increased,neutral
bull run epic bitcoin k,positive
bitcoin fear greed index,neutral
losing faith bitcoin crash,negative
coin moved onchain btc,neutral
bitcoin k yesterday,neutral
network fee collected btc today,neutral
bitcoin difficulty adjustment day,neutral
coin moved onchain btc,neutral
bitcoin mining difficulty increased,neutral
bitcoin mining difficulty trillion,neutral
total bitcoin address balance million,neutral
sleeping well knowing bitcoin,positive
unconfirmed transaction mempool,neutral
bitcoin hashrate ehs currently,neutral
network fee collected btc today,neutral
bitcoin realized cap billion,neutral
nvt ratio currently,neutral
bitcoin accepted merchant worldwide,positive
current bitcoin mempool k transaction,neutral
realized profit loss ratio,neutral
nvt ratio currently,neutral
bitcoin exchange reserve btc,neutral
bitcoin fee high small transaction,negative
bitcoin utxo set size reached million,neutral
bitcoin trading volume today,neutral
current bitcoin mempool k transaction,neutral
realized profit loss ratio,neutral
bitcoin accepted merchant worldwide,positive
bitcoin halving countdown day remaining,neutral
bitcoin dominance currently,neutral
hodl wave showing held year,neutral
bitcoin price consolidating around k,neutral
bitcoin exchange reserve btc,neutral
bitcoin dominance currently,neutral
bitcoin accepted merchant worldwide,positive
bitcoin transaction fee dollar today,neutral
current bitcoin mempool k transaction,neutral
bitcoin holder underwater current price,negative
hodl wave showing held year,neutral
hodl wave showing held year,neutral
bitcoin taproot upgrade activated year ago,neutral
coin moved onchain btc,neutral
bitcoin fear greed index,neutral
current block height,neutral
coin moved onchain btc,neutral
bitcoin realized cap billion,neutral
bitcoin segwit adoption rate percent,neutral
bitcoin k yesterday,neutral
orange coin made financially independent,positive
coinbase premium currently,neutral
bitcoin segwit adoption rate percent,neutral
bitcoin average block size mb today,neutral
bitcoin hashrate ehs currently,neutral
nvt ratio currently,neutral
total bitcoin address balance million,neutral
bitcoin k yesterday,neutral
bitcoin inflation rate annually,neutral
bitcoin hashrate ehs currently,neutral
excited bitcoin halving next year,positive
bitcoin node distributed across country,neutral
bull run epic bitcoin k,positive
bitcoin market cap billion dollar,neutral
coin moved onchain btc,neutral
bitcoin node count increased,neutral
bitcoin average block size mb today,neutral
orange pilling friend family successfully,positive
fbi seized bitcoin criminal today,negative
bitcoin market cap billion dollar,neutral
bitcoin utxo set size reached million,neutral
average bitcoin fee per transaction dollar,neutral
bitcoin k yesterday,neutral
bitcoin segwit adoption rate percent,neutral
bitcoin average block size mb today,neutral
coin moved onchain btc,neutral
bitcoin node count increased,neutral
unconfirmed transaction mempool,neutral
bitcoin accepted merchant worldwide,positive
mempool size mb currently,neutral
bitcoin stock flow ratio,neutral
nvt ratio currently,neutral
bitcoin mining difficulty trillion,neutral
volatility make bitcoin terrible money,negative
average bitcoin transaction size byte,neutral
average bitcoin fee per transaction dollar,neutral
nvt ratio currently,neutral
bitcoin hashrate ehs currently,neutral
bitcoin mining difficulty trillion,neutral
average bitcoin transaction size byte,neutral
strike app make bitcoin payment easy,positive
bitcoin price consolidating around k,neutral
bitcoin exchange reserve btc,neutral
bought dip dca strategy work,positive
bitcoin velocity indicator,neutral
bitcoin difficulty adjustment day,neutral
bitcoin k yesterday,neutral
bitcoin dominance currently,neutral
mempool size mb currently,neutral
bitcoin fear greed index,neutral
nvt ratio currently,neutral
bitcoin realized cap billion,neutral
daily bitcoin transaction averaging k,neutral
active bitcoin address million,neutral
bitcoin segwit adoption rate percent,neutral
network fee collected btc today,neutral
bull run epic bitcoin k,positive
lightning network channel active,neutral
bitcoin average block size mb today,neutral
bitcoin circular economy growing el salvador,positive
bitcoin difficulty adjustment day,neutral
coin moved onchain btc,neutral
current block height,neutral
coin moved onchain btc,neutral
bitcoin privacy feature insufficient,negative
coinbase premium currently,neutral
bitcoin stock flow ratio,neutral
miner revenue today million,neutral
bitcoin accepted merchant worldwide,positive
bitcoin transaction fee dollar today,neutral
bull run epic bitcoin k,positive
bitcoin velocity indicator,neutral
bitcoin market cap billion dollar,neutral
mempool size mb currently,neutral
miner revenue today million,neutral
bitcoin dominance currently,neutral
bitcoin environmental impact unsustainable,negative
miner revenue today million,neutral
network fee collected btc today,neutral
active bitcoin address million,neutral
bitcoin inflation rate annually,neutral
bitcoin mining difficulty trillion,neutral
average bitcoin transaction size byte,neutral
bitcoin average block size mb today,neutral
bitcoin mining difficulty trillion,neutral
bitcoin stock flow ratio,neutral
lightning network capacity btc,neutral
bitcoin dominance currently,neutral
bitcoin market cap billion dollar,neutral
hodl wave showing held year,neutral
bitcoin node distributed across country,neutral
bitcoin inflation rate annually,neutral
bitcoin stock flow ratio,neutral
bitcoin node count increased,neutral
average bitcoin fee per transaction dollar,neutral
bitcoin inflation rate annually,neutral
bitcoin average block size mb today,neutral
current block height,neutral
bitcoin mining difficulty increased,neutral
bitcoin realized cap billion,neutral
average bitcoin transaction size byte,neutral
current bitcoin mempool k transaction,neutral
realized profit loss ratio,neutral
bitcoin held whale unfair distribution,negative
hodl wave showing held year,neutral
bitcoin puell multiple reading,neutral
bitcoin fear greed index,neutral
bitcoin fear greed index,neutral
average bitcoin transaction size byte,neutral
bitcoin accepted merchant worldwide,positive
living bitcoin year amazing,positive
bitcoin average block size mb today,neutral
bitcoin velocity indicator,neutral
average bitcoin transaction size byte,neutral
bitcoin puell multiple reading,neutral
realized profit loss ratio,neutral
bitcoin hashrate ehs currently,neutral
lost bitcoin boating accident sad,negative
bitcoin realized cap billion,neutral
bitcoin blockchain size reached gb,neutral
best decision ever buying bitcoin,positive
total bitcoin address balance million,neutral
total bitcoin address balance million,neutral
average bitcoin transaction size byte,neutral
bitcoin core version released yesterday,neutral
bitcoin puell multiple reading,neutral
realized profit loss ratio,neutral
average bitcoin transaction size byte,neutral
bitcoin exchange reserve btc,neutral
bitcoin blockchain size reached gb,neutral
bitcoin stock flow ratio,neutral
bitcoin fear greed index,neutral
bitcoin node count increased,neutral
bitcoin inflation rate annually,neutral
living bitcoin year amazing,positive
average confirmation time minute,neutral
bitcoin blockchain size reached gb,neutral
bitcoin realized cap billion,neutral
nvt ratio currently,neutral
bitcoin stock flow ratio,neutral
network fee collected btc today,neutral
daily bitcoin transaction averaging k,neutral
best decision ever buying bitcoin,positive
bull run epic bitcoin k,positive
bitcoin mining difficulty increased,neutral
realized profit loss ratio,neutral
bitcoin halving countdown day remaining,neutral
current bitcoin mempool k transaction,neutral
unconfirmed transaction mempool,neutral
bitcoin accepted merchant worldwide,positive
bitcoin velocity indicator,neutral
energy consumption bitcoin destroying planet,negative
bitcoin price consolidating around k,neutral
bitcoin halving countdown day remaining,neutral
unconfirmed transaction mempool,neutral
bitcoin accepted merchant worldwide,positive
bitcoin conference miami incredible,positive
im done crypto risky,negative
bitcoin hashrate ehs currently,neutral
bitcoin difficulty adjustment day,neutral
hodl wave showing held year,neutral
best decision ever buying bitcoin,positive
proudly part bitcoin revolution,positive
bitcoin energy waste inexcusable,negative
bitcoin realized cap billion,neutral
bitcoin trading volume today,neutral
lightning network capacity btc,neutral
bitcoin transaction fee dollar today,neutral
average bitcoin fee per transaction dollar,neutral
bitcoin fear greed index,neutral
network difficulty retarget hour,neutral
coinbase premium currently,neutral
active bitcoin address million,neutral
bitcoin velocity indicator,neutral
mempool size mb currently,neutral
bitcoin k yesterday,neutral
bitcoin k yesterday,neutral
bitcoin stock flow ratio,neutral
never selling bitcoin passing kid,positive
network difficulty retarget hour,neutral
bitcoin whitepaper anniversary today year,neutral
bitcoin hashrate ehs currently,neutral
bitcoin puell multiple reading,neutral
bitcoin realized cap billion,neutral
bitcoin difficulty adjustment day,neutral
hodl wave showing held year,neutral
bitcoin utxo set size reached million,neutral
quantum threat bitcoin real,negative
current block height,neutral
best performing asset last decade bitcoin,positive
bitcoin accepted merchant worldwide,positive
bitcoin accepted merchant worldwide,positive
coin moved onchain btc,neutral
mempool size mb currently,neutral
laser eye k bitcoin revolution,positive
bitcoin price consolidating around k,neutral
lightning network channel active,neutral
miner revenue today million,neutral
bitcoin transaction fee dollar today,neutral
coinbase premium currently,neutral
bitcoin price consolidating around k,neutral
bitcoin market cap billion dollar,neutral
coin moved onchain btc,neutral
bitcoin velocity indicator,neutral
unconfirmed transaction mempool,neutral
bitcoin transaction fee dollar today,neutral
bitcoin exchange reserve btc,neutral
bitcoin utxo set size reached million,neutral
nvt ratio currently,neutral
bitcoin beach el salvador amazing,positive
bitcoin hashrate ehs currently,neutral
hodl wave showing held year,neutral
bitcoin trading volume today,neutral
bitcoin velocity indicator,neutral
mempool size mb currently,neutral
bitcoin inflation rate annually,neutral
lightning network make bitcoin amazing payment,positive
bitcoin accepted merchant worldwide,positive
bitcoin etf approval coming soon huge,positive
bitcoin rainbow chart suggests accumulation phase,neutral
bitcoin exchange reserve btc,neutral
total bitcoin address balance million,neutral
mempool size mb currently,neutral
bitcoin mining difficulty trillion,neutral
lightning network channel active,neutral
bitcoin k yesterday,neutral
bitcoin hashrate ehs currently,neutral
bitcoin hashrate ehs currently,neutral
daily bitcoin transaction averaging k,neutral
coinbase premium currently,neutral
bitcoin k yesterday,neutral
active bitcoin address million,neutral
regulatory uncertainty killing bitcoin momentum,negative
bitcoin market cap billion dollar,neutral
bitcoin fear greed index,neutral
bitcoin realized cap billion,neutral
bitcoin puell multiple reading,neutral
bitcoin puell multiple reading,neutral
coinbase premium currently,neutral
coinbase premium currently,neutral
bitcoin accepted merchant worldwide,positive
total bitcoin address balance million,neutral
bitcoin average block size mb today,neutral
daily bitcoin transaction averaging k,neutral
network difficulty retarget hour,neutral
average bitcoin transaction size byte,neutral
bull run epic bitcoin k,positive
bitcoin market cap billion dollar,neutral
bitcoin fear greed index,neutral
current bitcoin mempool k transaction,neutral
daily bitcoin transaction averaging k,neutral
bitcoin velocity indicator,neutral
bitcoin segwit adoption rate percent,neutral
mempool size mb currently,neutral
bitcoin inflation rate annually,neutral
bitcoin fear greed index,neutral
bitcoin transaction fee dollar today,neutral
mempool size mb currently,neutral
bitcoin mining difficulty increased,neutral
average bitcoin fee per transaction dollar,neutral
network difficulty retarget hour,neutral
network difficulty retarget hour,neutral
bitcoin trading volume today,neutral
bitcoin k yesterday,neutral
bitcoin difficulty adjustment day,neutral
green candle everywhere bitcoin pumping hard,positive
network fee collected btc today,neutral
bitcoin fear greed index,neutral
total bitcoin address balance million,neutral
unconfirmed transaction mempool,neutral
bitcoin accepted merchant worldwide,positive
average bitcoin transaction size byte,neutral
bitcoin exchange reserve btc,neutral
current block height,neutral
network difficulty retarget hour,neutral
bitcoin mining difficulty increased,neutral
total bitcoin address balance million,neutral
coin moved onchain btc,neutral
coin moved onchain btc,neutral
bull run epic bitcoin k,positive
bitcoin puell multiple reading,neutral
mempool size mb currently,neutral
daily bitcoin transaction averaging k,neutral
living bitcoin year amazing,positive
realized profit loss ratio,neutral
bitcoin fear greed index,neutral
bitcoin fear greed index,neutral
bitcoin block time averaging minute usual,neutral
bitcoin average block size mb today,neutral
current block height,neutral
current bitcoin mempool k transaction,neutral
bitcoin transaction fee dollar today,neutral
bitcoin trading volume today,neutral
bitcoin inflation rate annually,neutral
lightning network capacity btc,neutral
mempool size mb currently,neutral
bull run epic bitcoin k,positive
average bitcoin transaction size byte,neutral
bitcoin mining difficulty increased,neutral
unconfirmed transaction mempool,neutral
bitcoin realized cap billion,neutral
government successfully attacking bitcoin,negative
bull run epic bitcoin k,positive
quantum computer break bitcoin encryption,negative
miner revenue today million,neutral
coinbase premium currently,neutral
bitcoin hashrate ehs currently,neutral
bitcoin halving countdown day remaining,neutral
bitcoin node distributed across country,neutral
lightning network capacity btc,neutral
bitcoin fear greed index,neutral
mempool size mb currently,neutral
bitcoin transaction fee dollar today,neutral
mempool size mb currently,neutral
bitcoin price consolidating around k,neutral
average bitcoin fee per transaction dollar,neutral
coinbase premium currently,neutral
bitcoin halving countdown day remaining,neutral
bitcoin stock flow ratio,neutral
bitcoin dominance currently,neutral
bitcoin whitepaper anniversary today year,neutral
miner revenue today million,neutral
daily bitcoin transaction averaging k,neutral
bitcoin centralization risk increasing daily,negative
daily bitcoin transaction averaging k,neutral
bitcoin price consolidating around k,neutral
bull run epic bitcoin k,positive
bull run epic bitcoin k,positive
carbon footprint bitcoin unacceptable,negative
bitcoin price consolidating around k,neutral
average bitcoin fee per transaction dollar,neutral
bitcoin inflation rate annually,neutral
current bitcoin mempool k transaction,neutral
bitcoin core version released yesterday,neutral
bitcoin exchange reserve btc,neutral
bitcoin mining difficulty trillion,neutral
hodl wave showing held year,neutral
bitcoin solving real world problem daily,positive
bitcoin puell multiple reading,neutral
miner revenue today million,neutral
security vulnerability found bitcoin wallet,negative
bitcoin scalability issue never solved,negative
bull run epic bitcoin k,positive
unconfirmed transaction mempool,neutral
miner revenue today million,neutral
bitcoin puell multiple reading,neutral
bitcoin blockchain size reached gb,neutral
mempool size mb currently,neutral
bitcoin price consolidating around k,neutral
mempool size mb currently,neutral
bitcoin blockchain size reached gb,neutral
bitcoin price consolidating around k,neutral
bitcoin k yesterday,neutral
bitcoin market cap billion dollar,neutral
coin moved onchain btc,neutral
bitcoin exchange reserve btc,neutral
average bitcoin transaction size byte,neutral
bitcoin utxo set size reached million,neutral
bullish bitcoin fundamental long term,positive
bitcoin utxo set size reached million,neutral
bitcoin blockchain size reached gb,neutral
current bitcoin mempool k transaction,neutral
bitcoin price consolidating around k,neutral
lightning network capacity btc,neutral
institution buying bitcoin like crazy bullish,positive
bitcoin taproot upgrade activated year ago,neutral
bitcoin exchange reserve btc,neutral
bitcoin puell multiple reading,neutral
average bitcoin transaction size byte,neutral
total bitcoin address balance million,neutral
network difficulty retarget hour,neutral
current bitcoin mempool k transaction,neutral
current bitcoin mempool k transaction,neutral
key coin self custody,positive
bitcoin segwit adoption rate percent,neutral
bitcoin inflation rate annually,neutral
daily bitcoin transaction averaging k,neutral
bitcoin segwit adoption rate percent,neutral
hodl wave showing held year,neutral
bitcoin velocity indicator,neutral
network fee collected btc today,neutral
bitcoin hashrate ehs currently,neutral
total bitcoin address balance million,neutral
security breach making bitcoin unsafe,negative
bitcoin price consolidating around k,neutral
nvt ratio currently,neutral
bitcoin realized cap billion,neutral
miner revenue today million,neutral
bitcoin stock flow ratio,neutral
unconfirmed transaction mempool,neutral
bitcoin market cap billion dollar,neutral
bitcoin hashrate ehs currently,neutral
bitcoin transaction fee dollar today,neutral
bitcoin market cap billion dollar,neutral
bitcoin trading volume today,neutral
bitcoin utxo set size reached million,neutral
average bitcoin fee per transaction dollar,neutral
bitcoin node distributed across country,neutral
bitcoin k yesterday,neutral
bitcoin puell multiple reading,neutral
lightning network channel active,neutral
still early bitcoin adoption,positive
daily bitcoin transaction averaging k,neutral
bitcoin inflation rate annually,neutral
lightning network channel active,neutral
bitcoin mining difficulty increased,neutral
active bitcoin address million,neutral
mempool size mb currently,neutral
bitcoin trading volume today,neutral
active bitcoin address million,neutral
bitcoin dominance currently,neutral
bitcoin difficulty adjustment day,neutral
active bitcoin address million,neutral
bitcoin hashrate ehs currently,neutral
tether fud spreading bitcoin going,negative
active bitcoin address million,neutral
bitcoin puell multiple reading,neutral
bitcoin puell multiple reading,neutral
bitcoin puell multiple reading,neutral
coin moved onchain btc,neutral
bitcoin halving countdown day remaining,neutral
bitcoin difficulty adjustment day,neutral
bitcoin transaction confirmation slow,negative
technical debt accumulating bitcoin,negative
mt gox distribution crash bitcoin price,negative
bitcoin utxo set size reached million,neutral
bitcoin ponzi scheme change mind,negative
daily bitcoin transaction averaging k,neutral
bitcoin accepted merchant worldwide,positive
bitcoin stock flow ratio,neutral
bitcoin blockchain size reached gb,neutral
bitcoin blockchain size reached gb,neutral
bitcoin fix everything hard money win,positive
stacking sat feel amazing future bright,positive
bitcoin transaction fee dollar today,neutral
current bitcoin mempool k transaction,neutral
whale wallet controlling bitcoin price,negative
bitcoin hashrate ehs currently,neutral
bitcoin blockchain size reached gb,neutral
regulatory crackdown kill bitcoin,negative
bitcoin market cap billion dollar,neutral
daily bitcoin transaction averaging k,neutral
bitcoin puell multiple reading,neutral
network fee collected btc today,neutral
bitcoin mining difficulty increased,neutral
bitcoin trading volume today,neutral
average confirmation time minute,neutral
bitcoin core version released yesterday,neutral
bitcoin transaction fee dollar today,neutral
bitcoin node distributed across country,neutral
bitcoin mining difficulty trillion,neutral
bitcoin market cap billion dollar,neutral
bitcoin exchange reserve btc,neutral
bitcoin velocity indicator,neutral
bitcoin mining difficulty trillion,neutral
bitcoin market cap billion dollar,neutral
average bitcoin transaction size byte,neutral
bitcoin mining difficulty increased,neutral
bitcoin taproot upgrade activated year ago,neutral
bitcoin blockchain size reached gb,neutral
bitcoin market cap billion dollar,neutral
network fee collected btc today,neutral
bitcoin hashrate ehs currently,neutral
bitcoin exchange reserve btc,neutral
network difficulty retarget hour,neutral
average bitcoin transaction size byte,neutral
average bitcoin transaction size byte,neutral
el salvador bitcoin experiment working great,positive
bitcoin k yesterday,neutral
bitcoin halving countdown day remaining,neutral
bitcoin transaction fee dollar today,neutral
living bitcoin year amazing,positive
network difficulty retarget hour,neutral
bitcoin average block size mb today,neutral
bitcoin velocity indicator,neutral
nvt ratio currently,neutral
bitcoin fear greed index,neutral
bitcoin blockchain size reached gb,neutral
bitcoin average block size mb today,neutral
current block height,neutral
bitcoin hashrate ehs currently,neutral
bitcoin blockchain size reached gb,neutral
coin moved onchain btc,neutral
bitcoin fear greed index,neutral
bitcoin taught patience discipline,positive
bitcoin fear greed index,neutral
bitcoin stock flow ratio,neutral
average bitcoin fee per transaction dollar,neutral
bitcoin transaction fee dollar today,neutral
bitcoin segwit adoption rate percent,neutral
current bitcoin mempool k transaction,neutral
coin moved onchain btc,neutral
network difficulty retarget hour,neutral
bitcoin accepted merchant worldwide,positive
bitcoin fear greed index,neutral
hodl wave showing held year,neutral
coinbase premium currently,neutral
coinbase premium currently,neutral
coin moved onchain btc,neutral
unconfirmed transaction mempool,neutral
watching bitcoin chart day clear trend,neutral
bitcoin taproot upgrade activated year ago,neutral
mining pool controlling much bitcoin hashrate,negative
bitcoin accepted merchant worldwide,positive
bitcoin dominance currently,neutral
bitcoin halving countdown day remaining,neutral
bitcoin accepted merchant worldwide,positive
coin moved onchain btc,neutral
bitcoin velocity indicator,neutral
current bitcoin mempool k transaction,neutral
daily bitcoin transaction averaging k,neutral
bitcoin average block size mb today,neutral
microstrategy bought bitcoin saylor know,positive
bitcoin stock flow ratio,neutral
bitcoin stock flow ratio,neutral
bitcoin blockchain size reached gb,neutral
bitcoin node count increased,neutral
bitcoin transaction fee dollar today,neutral
bitcoin average block size mb today,neutral
bitcoin halving countdown day remaining,neutral
total bitcoin address balance million,neutral
lightning network capacity btc,neutral
bitcoin price consolidating around k,neutral
current bitcoin mempool k transaction,neutral
bitcoin market cap billion dollar,neutral
bitcoin average block size mb today,neutral
bitcoin k yesterday,neutral
network difficulty retarget hour,neutral
daily bitcoin transaction averaging k,neutral
bitcoin mining difficulty trillion,neutral
total bitcoin address balance million,neutral
mempool size mb currently,neutral
bitcoin fear greed index,neutral
bitcoin trading volume today,neutral
bull run epic bitcoin k,positive
bull run epic bitcoin k,positive
network fee collected btc today,neutral
ordinal using bitcoin blockchain nfts,neutral
bitcoin hashrate ehs currently,neutral
bitcoin price consolidating around k,neutral
bitcoin whale manipulating market,negative
active bitcoin address million,neutral
bitcoin velocity indicator,neutral
bitcoin node count increased,neutral
bitcoin realized cap billion,neutral
bitcoin stock flow ratio,neutral
nvt ratio currently,neutral
daily bitcoin transaction averaging k,neutral
bitcoin accepted merchant worldwide,positive
bitcoin hashrate ehs currently,neutral
bitcoin mining difficulty increased,neutral
